{"cameraMode":{"drawMode":0,"name":"Shaded","section":"Shading Mode"},"sceneLighting":true,"audioPlay":false,"sceneViewState":{"showFog":true,"showMaterialUpdate":false,"showSkybox":true,"showFlares":true,"showImageEffects":true,"showParticleSystems":true},"in2DMode":false,"pivot":{"x":0.47859644889831545,"y":-0.578718900680542,"z":-0.02300548553466797},"rotation":{"x":-0.030676385387778283,"y":0.959526002407074,"z":-0.25505921244621279,"w":-0.11540599167346955},"size":5.533588409423828,"orthographic":false}