{"cameraMode":{"drawMode":0,"name":"Shaded","section":"Shading Mode"},"sceneLighting":true,"audioPlay":false,"sceneViewState":{"showFog":false,"showMaterialUpdate":false,"showSkybox":false,"showFlares":false,"showImageEffects":false,"showParticleSystems":false},"in2DMode":false,"pivot":{"x":24.244186401367189,"y":1.5015490055084229,"z":27.993907928466798},"rotation":{"x":0.1631418913602829,"y":0.7691290378570557,"z":-0.21685068309307099,"w":0.5786339640617371},"size":0.840554416179657,"orthographic":false}